id;calle;codigo_postal;ciudad;provincia
1;whenever shaft;huzzah early aha;incidentally cultivated meh;shinny unless once
2;custody;ugh;intrigue fooey tremendously;jungle
3;after;or legal voluntarily;oily upbeat whether;ick buttery
4;airman inasmuch until;pace;barring;catalyze toward
5;emboss;promptly tightly begonia;nutritious jubilant secondary;boo hmph
6;gah reproachfully;through norm;around successfully who;than yet
7;entire trolley across;task;asset;connect
8;broadly;peony;knickers excluding yowza;fill
9;about jaggedly yippee;for;where overload;unearth
10;into guest;whenever failing wetly;ah preside ah;when out
